,Random,QbC,LCMD,SBAL,SBAL+FlexAL
datasize,0.0,0.0,0.0,0.0,0.0
rmse,0.03705073893070221,0.01954140141606331,0.03239879384636879,0.010605238378047943,0.018062535673379898
nrmse,0.02800571732223034,0.02039548195898533,0.030989620834589005,0.00722519913688302,0.022293413057923317
mae,0.025530610233545303,0.016584329307079315,0.03644964471459389,0.009915361180901527,0.016602370887994766
99,0.12284327298402786,0.016445040702819824,0.02460191771388054,0.02596738375723362,0.014690947718918324
95,0.029265742748975754,0.007177657447755337,0.024681175127625465,0.01321741659194231,0.03450877219438553
50,0.026729704812169075,0.014546114951372147,0.03492029756307602,0.018381671980023384,0.035057518631219864
