,Random,QbC,LCMD,SBAL,SBAL+FlexAL
datasize,7.67733907699585,7.67733907699585,7.67733907699585,7.67733907699585,7.67733907699585
rmse,-0.46838417649269104,-0.5584233999252319,-0.43288013339042664,-0.6929702162742615,-0.7080501317977905
nrmse,-1.9083454608917236,-1.9038395881652832,-1.7966479063034058,-2.054795503616333,-2.0729711055755615
mae,-2.7330448627471924,-2.76979660987854,-2.628431558609009,-2.9062998294830322,-2.930837869644165
99,2.0028011798858643,1.5279067754745483,1.6559538841247559,1.5373097658157349,1.5324653387069702
95,1.0134567022323608,0.8476909399032593,1.0279408693313599,0.7268348336219788,0.7217409610748291
50,-1.9557147026062012,-1.5432575941085815,-1.53545343875885,-1.7317544221878052,-1.7491631507873535
